# ************************************************************
# Sequel Pro SQL dump
# Version 4541
#
# http://www.sequelpro.com/
# https://github.com/sequelpro/sequelpro
#
# Host: 127.0.0.1 (MySQL 5.7.32-0ubuntu0.16.04.1)
# Database: flags
# Generation Time: 2021-01-12 15:15:56 +0000
# ************************************************************


/*!40101 SET @OLD_CHARACTER_SET_CLIENT=@@CHARACTER_SET_CLIENT */;
/*!40101 SET @OLD_CHARACTER_SET_RESULTS=@@CHARACTER_SET_RESULTS */;
/*!40101 SET @OLD_COLLATION_CONNECTION=@@COLLATION_CONNECTION */;
/*!40101 SET NAMES utf8 */;
/*!40014 SET @OLD_FOREIGN_KEY_CHECKS=@@FOREIGN_KEY_CHECKS, FOREIGN_KEY_CHECKS=0 */;
/*!40101 SET @OLD_SQL_MODE=@@SQL_MODE, SQL_MODE='NO_AUTO_VALUE_ON_ZERO' */;
/*!40111 SET @OLD_SQL_NOTES=@@SQL_NOTES, SQL_NOTES=0 */;


# Dump of table answer
# ------------------------------------------------------------

DROP TABLE IF EXISTS `answer`;

CREATE TABLE `answer` (
  `id` int(11) NOT NULL AUTO_INCREMENT,
  `timer` int(11) NOT NULL,
  `flag_code` varchar(255) COLLATE utf8mb4_unicode_ci NOT NULL,
  `answer_options` varchar(255) COLLATE utf8mb4_unicode_ci NOT NULL,
  `correct` tinyint(1) NOT NULL,
  `date` datetime NOT NULL,
  `user_id` int(11) DEFAULT NULL,
  PRIMARY KEY (`id`),
  KEY `IDX_DADD4A25A76ED395` (`user_id`),
  CONSTRAINT `FK_DADD4A25A76ED395` FOREIGN KEY (`user_id`) REFERENCES `user` (`id`)
) ENGINE=InnoDB DEFAULT CHARSET=utf8mb4 COLLATE=utf8mb4_unicode_ci;

LOCK TABLES `answer` WRITE;
/*!40000 ALTER TABLE `answer` DISABLE KEYS */;

INSERT INTO `answer` (`id`, `timer`, `flag_code`, `answer_options`, `correct`, `date`, `user_id`)
VALUES
	(1,6,'cd','[\"hm\",\"fo\",\"pk\"]',1,'2021-01-10 02:18:29',1),
	(2,5,'nf','[\"mt\",\"tr\",\"cz\"]',1,'2021-01-10 02:18:29',1),
	(3,3,'as','[\"iq\",\"kn\",\"gu\"]',1,'2021-01-10 02:18:29',1),
	(4,7,'kw','[\"lv\",\"cg\",\"eg\"]',1,'2021-01-10 02:18:29',1),
	(5,1,'do','[\"co\",\"mw\",\"ml\"]',1,'2021-01-10 02:18:29',1),
	(6,1,'dm','[\"pr\",\"jo\",\"np\"]',1,'2021-01-10 02:18:29',1),
	(7,2,'sj','[\"fo\",\"ua\",\"za\"]',1,'2021-01-10 02:18:29',1),
	(8,1,'id','[\"ve\",\"gu\",\"ge\"]',1,'2021-01-10 02:18:29',1),
	(9,1,'pe','[\"mv\",\"pa\",\"al\"]',0,'2021-01-10 02:18:29',1),
	(10,1,'ws','[\"be\",\"sk\",\"ru\"]',1,'2021-01-10 02:18:29',1),
	(11,1,'bo','[\"ki\",\"mn\",\"ca\"]',1,'2021-01-10 02:18:29',1),
	(12,1,'qa','[\"us\",\"my\",\"jm\"]',1,'2021-01-10 02:18:29',1),
	(13,1,'tr','[\"au\",\"ws\",\"se\"]',1,'2021-01-10 02:18:29',1),
	(14,1,'za','[\"gd\",\"fj\",\"mp\"]',1,'2021-01-10 02:18:29',1),
	(15,2,'to','[\"na\",\"sl\",\"bw\"]',1,'2021-01-10 02:18:29',1),
	(16,2,'st','[\"kg\",\"ne\",\"gu\"]',1,'2021-01-10 02:18:29',1),
	(17,1,'la','[\"mf\",\"nf\",\"ee\"]',1,'2021-01-10 02:18:29',1),
	(18,1,'im','[\"kz\",\"nl\",\"no\"]',0,'2021-01-10 02:18:29',1),
	(19,0,'cl','[\"hm\",\"it\",\"tz\"]',0,'2021-01-10 02:18:29',1),
	(20,6,'et','[\"tw\",\"bj\",\"yt\"]',1,'2021-01-10 02:54:09',1),
	(21,4,'li','[\"fr\",\"fk\",\"br\"]',1,'2021-01-10 02:54:09',1),
	(22,2,'tv','[\"hm\",\"ao\",\"kn\"]',1,'2021-01-10 02:54:09',1),
	(23,3,'pm','[\"ly\",\"ma\",\"au\"]',1,'2021-01-10 02:54:09',1),
	(24,3,'dm','[\"nu\",\"kp\",\"gu\"]',1,'2021-01-10 02:54:09',1),
	(25,4,'sb','[\"gd\",\"ke\",\"pm\"]',1,'2021-01-10 02:55:21',1),
	(26,1,'cr','[\"ir\",\"tj\",\"gs\"]',1,'2021-01-10 02:55:21',1),
	(27,1,'yt','[\"cd\",\"gg\",\"gt\"]',1,'2021-01-10 02:55:21',1),
	(28,1,'se','[\"et\",\"jm\",\"vu\"]',1,'2021-01-10 02:55:21',1),
	(29,1,'sr','[\"va\",\"iq\",\"fj\"]',1,'2021-01-10 02:55:21',1),
	(30,3,'tc','[\"gw\",\"gd\",\"pt\"]',1,'2021-01-10 02:55:21',1),
	(31,1,'cz','[\"vn\",\"nr\",\"is\"]',1,'2021-01-10 02:55:21',1),
	(32,1,'bj','[\"md\",\"ph\",\"dm\"]',1,'2021-01-10 02:55:21',1),
	(33,2,'me','[\"vu\",\"tw\",\"cf\"]',1,'2021-01-10 02:55:21',1),
	(34,2,'ph','[\"ve\",\"de\",\"lc\"]',1,'2021-01-10 02:55:21',1),
	(35,1,'re','[\"sh\",\"uy\",\"mf\"]',1,'2021-01-10 02:55:21',1),
	(36,1,'fr','[\"il\",\"kg\",\"gi\"]',1,'2021-01-10 02:55:21',1),
	(37,1,'gb','[\"tg\",\"eh\",\"br\"]',1,'2021-01-10 02:55:21',1),
	(38,1,'ga','[\"mh\",\"ly\",\"me\"]',1,'2021-01-10 02:55:21',1),
	(39,1,'fo','[\"ve\",\"la\",\"it\"]',1,'2021-01-10 02:55:21',1),
	(40,2,'lu','[\"mk\",\"nr\",\"pr\"]',1,'2021-01-10 02:55:21',1),
	(41,0,'cv','[\"aq\",\"tf\",\"ht\"]',0,'2021-01-10 02:55:21',1),
	(42,0,'de','[\"bn\",\"co\",\"ma\"]',0,'2021-01-10 02:55:21',1),
	(43,0,'ca','[\"cd\",\"it\",\"tt\"]',0,'2021-01-10 02:55:21',1),
	(44,1,'es','[\"sn\",\"fj\",\"dm\"]',1,'2021-01-10 02:59:37',1),
	(45,1,'cv','[\"mf\",\"rs\",\"tz\"]',1,'2021-01-10 02:59:37',1),
	(46,1,'kp','[\"pf\",\"my\",\"al\"]',1,'2021-01-10 02:59:37',1),
	(47,1,'co','[\"kr\",\"py\",\"sh\"]',1,'2021-01-10 02:59:37',1),
	(48,1,'dk','[\"cf\",\"bw\",\"jm\"]',1,'2021-01-10 02:59:37',1),
	(49,2,'ni','[\"ca\",\"ec\",\"id\"]',1,'2021-01-10 02:59:37',1),
	(50,1,'jo','[\"my\",\"ke\",\"nu\"]',1,'2021-01-10 02:59:37',1),
	(51,1,'im','[\"mz\",\"kr\",\"cv\"]',1,'2021-01-10 02:59:37',1),
	(52,1,'ua','[\"li\",\"by\",\"rs\"]',1,'2021-01-10 02:59:37',1),
	(53,1,'mc','[\"fi\",\"ve\",\"gw\"]',1,'2021-01-10 02:59:37',1),
	(54,1,'ki','[\"ee\",\"li\",\"va\"]',1,'2021-01-10 02:59:37',1),
	(55,1,'ki','[]',1,'2021-01-10 02:59:37',1),
	(56,3,'mf','[\"zm\",\"gi\",\"ru\",\"ls\",\"cd\",\"ve\",\"sg\"]',0,'2021-01-10 02:59:37',1),
	(57,1,'mx','[\"ci\",\"hu\",\"mn\"]',1,'2021-01-10 02:59:37',1),
	(58,3,'az','[\"gl\",\"jo\",\"gh\"]',1,'2021-01-10 02:59:37',1),
	(59,1,'mk','[\"fo\",\"au\",\"kr\"]',1,'2021-01-10 02:59:37',1),
	(60,1,'il','[\"np\",\"bd\",\"sh\"]',1,'2021-01-10 02:59:37',1),
	(61,1,'bg','[\"ge\",\"mx\",\"pw\"]',0,'2021-01-10 02:59:37',1),
	(62,1,'ps','[\"me\",\"cn\",\"sd\"]',0,'2021-01-10 02:59:37',1),
	(63,2,'mk','[\"tk\",\"kh\",\"bs\"]',1,'2021-01-10 03:24:56',1),
	(64,3,'gp','[\"pt\",\"mh\",\"il\"]',1,'2021-01-10 03:24:56',1),
	(65,2,'cu','[\"no\",\"sy\",\"sl\"]',1,'2021-01-10 03:24:56',1),
	(66,1,'cx','[\"ck\",\"bl\",\"sn\"]',1,'2021-01-10 03:24:56',1),
	(67,2,'fj','[\"kn\",\"mc\",\"lc\"]',1,'2021-01-10 03:24:56',1),
	(68,1,'aq','[\"li\",\"gt\",\"se\"]',1,'2021-01-10 03:24:56',1),
	(69,1,'ci','[\"sb\",\"et\",\"li\"]',1,'2021-01-10 03:24:56',1),
	(70,2,'kp','[\"io\",\"by\",\"mt\"]',1,'2021-01-10 03:24:56',1),
	(71,1,'tz','[\"ni\",\"cv\",\"ma\"]',1,'2021-01-10 03:24:56',1),
	(72,1,'kh','[\"ma\",\"sm\",\"gb\"]',1,'2021-01-10 03:24:56',1),
	(73,2,'lk','[\"gs\",\"tg\",\"bb\",\"km\",\"bt\",\"kn\",\"it\"]',1,'2021-01-10 03:24:56',1),
	(74,4,'ae','[\"kz\",\"al\",\"qa\"]',1,'2021-01-10 03:24:56',1),
	(75,8,'gs','[\"fk\",\"do\",\"tc\"]',0,'2021-01-10 03:24:56',1),
	(76,1,'uz','[\"bj\",\"et\",\"ni\"]',1,'2021-01-10 03:24:56',1),
	(77,8,'gm','[\"tj\",\"tw\",\"pe\"]',0,'2021-01-10 03:24:56',1),
	(78,3,'se','[\"bg\",\"tt\",\"kw\"]',1,'2021-01-10 12:43:09',1),
	(79,1,'yt','[\"fr\",\"cz\",\"gr\"]',1,'2021-01-10 12:43:09',1),
	(80,0,'sc','[\"ni\",\"be\",\"th\"]',1,'2021-01-10 12:43:09',1),
	(81,1,'al','[\"sh\",\"pk\",\"la\"]',1,'2021-01-10 12:43:09',1),
	(82,1,'id','[\"ax\",\"cf\",\"lt\"]',1,'2021-01-10 12:43:09',1),
	(83,0,'jm','[\"mv\",\"fr\",\"bz\"]',1,'2021-01-10 12:43:09',1),
	(84,1,'bg','[\"gr\",\"aq\",\"ir\"]',1,'2021-01-10 12:43:09',1),
	(85,2,'om','[\"pg\",\"cu\",\"qa\"]',1,'2021-01-10 12:43:09',1),
	(86,1,'gn','[\"sh\",\"cc\",\"gy\"]',1,'2021-01-10 12:43:09',1),
	(87,2,'sn','[\"gn\",\"mz\",\"tl\"]',1,'2021-01-10 12:43:09',1),
	(88,1,'ec','[\"mf\",\"uy\",\"uz\"]',1,'2021-01-10 12:43:09',1),
	(89,1,'sz','[\"vc\",\"zw\",\"bd\"]',1,'2021-01-10 12:43:09',1),
	(90,2,'tl','[\"aq\",\"rs\",\"bg\"]',1,'2021-01-10 12:43:09',1),
	(91,1,'bh','[\"de\",\"id\",\"ba\"]',1,'2021-01-10 12:43:09',1),
	(92,3,'fk','[\"at\",\"ly\",\"to\"]',1,'2021-01-10 12:43:09',1),
	(93,2,'mc','[\"sk\",\"bw\",\"vi\"]',1,'2021-01-10 12:43:09',1),
	(94,3,'tm','[\"sc\",\"ke\",\"fo\"]',1,'2021-01-10 12:43:09',1),
	(95,3,'pf','[\"cy\",\"mo\",\"cm\"]',1,'2021-01-10 18:46:57',1),
	(96,2,'mz','[\"hn\",\"cn\",\"kp\"]',1,'2021-01-10 18:46:57',1),
	(97,1,'py','[\"pf\",\"tm\",\"bf\"]',1,'2021-01-10 18:46:57',1),
	(98,9,'id','[\"sa\",\"sn\",\"pm\"]',1,'2021-01-10 18:46:57',1),
	(99,4,'bb','[\"co\",\"kr\",\"ki\"]',1,'2021-01-10 18:46:57',1),
	(100,4,'kn','[\"tt\",\"br\",\"cc\"]',1,'2021-01-10 18:46:57',1),
	(101,7,'gf','[\"ug\",\"ci\",\"mf\"]',0,'2021-01-10 18:46:57',1),
	(102,8,'hk','[\"gn\",\"pg\",\"cy\"]',1,'2021-01-10 18:46:57',1),
	(103,2,'gb','[\"ar\",\"cd\",\"gp\"]',1,'2021-01-10 18:46:57',1),
	(104,3,'im','[\"sj\",\"pr\",\"zm\"]',1,'2021-01-10 18:46:57',1),
	(105,3,'at','[\"th\",\"bj\",\"io\"]',1,'2021-01-10 18:46:57',1),
	(106,1,'cl','[\"md\",\"za\",\"pr\"]',1,'2021-01-10 18:46:57',1),
	(107,1,'to','[\"gb\",\"fo\",\"zw\"]',1,'2021-01-10 18:46:57',1),
	(108,1,'pg','[\"py\",\"il\",\"cf\"]',1,'2021-01-10 18:46:57',1),
	(109,1,'pa','[\"sd\",\"vn\",\"za\"]',1,'2021-01-10 18:46:57',1),
	(110,1,'pm','[\"cu\",\"ao\",\"tw\"]',1,'2021-01-10 18:46:57',1),
	(111,6,'ni','[\"et\",\"ng\",\"pm\"]',1,'2021-01-10 18:46:57',1),
	(112,7,'bz','[\"cd\",\"so\",\"me\"]',1,'2021-01-10 18:46:57',1),
	(113,4,'bv','[\"ca\",\"za\",\"ad\"]',1,'2021-01-10 18:46:57',1),
	(114,2,'gl','[\"cf\",\"rs\",\"so\"]',1,'2021-01-10 18:46:57',1),
	(115,1,'fo','[\"ie\",\"mv\",\"lu\"]',1,'2021-01-10 18:46:57',1),
	(116,1,'de','[\"et\",\"bs\",\"tg\"]',1,'2021-01-10 18:46:57',1),
	(117,1,'sy','[\"cy\",\"kz\",\"zm\"]',1,'2021-01-10 18:46:57',1),
	(118,1,'cf','[\"pr\",\"np\",\"sy\"]',1,'2021-01-10 18:46:57',1),
	(119,4,'cr','[\"sy\",\"ir\",\"zm\"]',1,'2021-01-10 18:46:57',1),
	(120,4,'lr','[\"um\",\"ga\",\"ml\"]',1,'2021-01-10 18:46:57',1),
	(121,2,'uz','[\"bd\",\"kn\",\"ms\"]',1,'2021-01-10 18:46:57',1),
	(122,1,'dz','[\"uy\",\"ch\",\"vg\"]',1,'2021-01-10 18:46:57',1),
	(123,2,'na','[\"hn\",\"no\",\"gt\"]',0,'2021-01-10 18:46:57',1),
	(124,0,'no','[\"pt\",\"gb\",\"ki\"]',1,'2021-01-10 18:46:57',1),
	(125,1,'my','[\"tz\",\"tw\",\"bf\"]',0,'2021-01-10 18:46:57',1),
	(126,3,'pt','[\"tz\",\"gm\",\"gw\"]',1,'2021-01-10 19:53:07',1),
	(127,1,'ch','[\"gt\",\"ao\",\"pl\"]',1,'2021-01-10 19:53:07',1),
	(128,1,'bv','[\"pr\",\"id\",\"pf\"]',1,'2021-01-10 19:53:07',1),
	(129,2,'bd','[\"pa\",\"be\",\"cf\"]',1,'2021-01-10 19:53:07',1),
	(130,1,'to','[\"na\",\"mg\",\"bf\"]',1,'2021-01-10 19:53:07',1),
	(131,1,'za','[\"nu\",\"ee\",\"cz\"]',0,'2021-01-10 19:53:07',1),
	(132,4,'bl','[\"tr\",\"az\",\"mo\"]',1,'2021-01-10 19:53:07',1),
	(133,1,'rw','[\"lr\",\"bg\",\"kr\"]',1,'2021-01-10 19:53:07',1),
	(134,1,'sk','[\"cv\",\"sl\",\"cf\"]',1,'2021-01-10 19:53:07',1),
	(135,1,'co','[\"dm\",\"vn\",\"zw\"]',1,'2021-01-10 19:53:07',1),
	(136,4,'sj','[\"gs\",\"hn\",\"mz\"]',1,'2021-01-10 19:53:07',1),
	(137,2,'ax','[\"sg\",\"tg\",\"au\"]',1,'2021-01-10 19:53:07',1),
	(138,2,'io','[\"ls\",\"mm\",\"nu\"]',1,'2021-01-10 19:53:07',1),
	(139,1,'mz','[\"sb\",\"tn\",\"mq\"]',1,'2021-01-10 19:53:07',1),
	(140,4,'ky','[\"py\",\"mr\",\"gp\"]',1,'2021-01-10 19:53:07',1),
	(141,1,'hu','[\"ml\",\"uz\",\"us\"]',1,'2021-01-10 19:53:07',1),
	(142,2,'cx','[\"gq\",\"jo\",\"mm\"]',1,'2021-01-10 19:53:07',1),
	(143,2,'mz','[\"sj\",\"np\",\"uz\"]',1,'2021-01-10 19:53:07',1),
	(144,4,'id','[\"ao\",\"mc\",\"gu\"]',0,'2021-01-10 19:53:07',1),
	(145,9,'hm','[\"tg\",\"sz\",\"bj\"]',1,'2021-01-10 19:53:07',1),
	(146,2,'sd','[\"uy\",\"kn\",\"ug\"]',1,'2021-01-10 19:53:07',1),
	(147,2,'az','[\"ml\",\"iq\",\"ky\"]',1,'2021-01-10 19:53:07',1),
	(148,3,'ao','[\"kg\",\"qa\",\"sm\"]',1,'2021-01-10 19:53:07',1),
	(149,7,'ck','[\"sm\",\"cl\",\"lb\"]',1,'2021-01-10 19:53:07',1),
	(150,1,'se','[\"by\",\"cc\",\"md\"]',1,'2021-01-10 19:53:07',1),
	(151,1,'cf','[\"tf\",\"cl\",\"it\"]',1,'2021-01-10 19:53:07',1),
	(152,3,'vi','[\"td\",\"af\",\"do\"]',1,'2021-01-10 19:53:07',1),
	(153,2,'sa','[\"do\",\"dj\",\"gs\"]',1,'2021-01-10 19:53:07',1),
	(154,1,'kr','[\"mx\",\"np\",\"vg\"]',1,'2021-01-10 19:53:07',1),
	(155,2,'tf','[\"cn\",\"pr\",\"bt\"]',1,'2021-01-10 19:53:07',1),
	(156,1,'ms','[\"la\",\"um\",\"tm\"]',1,'2021-01-10 19:53:07',1),
	(157,1,'tg','[\"et\",\"mm\",\"at\"]',1,'2021-01-10 19:53:07',1),
	(158,1,'st','[\"wf\",\"aq\",\"vn\"]',0,'2021-01-10 19:53:07',1),
	(159,5,'bw','[\"mk\",\"er\",\"sv\"]',1,'2021-01-10 20:12:13',1),
	(160,1,'bn','[\"az\",\"np\",\"tv\"]',1,'2021-01-10 20:12:13',1),
	(161,1,'al','[\"sh\",\"ng\",\"bb\"]',1,'2021-01-10 20:12:13',1),
	(162,6,'gm','[\"zm\",\"ve\",\"nl\"]',1,'2021-01-10 20:12:13',1),
	(163,1,'vg','[\"pn\",\"om\",\"bl\"]',1,'2021-01-10 20:12:13',1),
	(164,1,'bj','[\"is\",\"sh\",\"gp\"]',1,'2021-01-10 20:12:13',1),
	(165,1,'mf','[\"mt\",\"sg\",\"uz\"]',1,'2021-01-10 20:12:13',1),
	(166,1,'cy','[\"mn\",\"mk\",\"pf\"]',1,'2021-01-10 20:12:13',1),
	(167,1,'bz','[\"gy\",\"cr\",\"th\"]',1,'2021-01-10 20:12:13',1),
	(168,2,'tz','[\"ly\",\"ec\",\"gq\"]',1,'2021-01-10 20:12:13',1),
	(169,1,'mr','[\"gn\",\"ye\",\"na\"]',1,'2021-01-10 20:12:13',1),
	(170,1,'bt','[\"cm\",\"ge\",\"cz\"]',1,'2021-01-10 20:12:13',1),
	(171,0,'lc','[\"ps\",\"nr\",\"dj\"]',1,'2021-01-10 20:12:13',1),
	(172,1,'lv','[\"mg\",\"ad\",\"eh\"]',1,'2021-01-10 20:12:13',1),
	(173,2,'id','[\"is\",\"tt\",\"pw\"]',1,'2021-01-10 20:12:13',1),
	(174,1,'my','[\"be\",\"tc\",\"sh\"]',1,'2021-01-10 20:12:13',1),
	(175,1,'nu','[\"lv\",\"gm\",\"es\"]',1,'2021-01-10 20:12:13',1),
	(176,1,'im','[\"ir\",\"pf\",\"cf\"]',1,'2021-01-10 20:12:13',1),
	(177,4,'mm','[\"cf\",\"cu\",\"ca\"]',1,'2021-01-10 20:12:13',1),
	(178,1,'nz','[\"ck\",\"na\",\"ao\"]',1,'2021-01-10 20:12:13',1),
	(179,5,'gq','[\"mf\",\"uz\",\"mk\"]',1,'2021-01-10 20:12:13',1),
	(180,6,'ps','[\"ga\",\"bm\",\"er\"]',1,'2021-01-10 20:12:13',1),
	(181,3,'cc','[\"sn\",\"no\",\"so\"]',1,'2021-01-10 20:12:13',1),
	(182,7,'tl','[\"sd\",\"zm\",\"ga\"]',1,'2021-01-10 20:12:13',1),
	(183,4,'tm','[\"hk\",\"sg\",\"va\"]',1,'2021-01-10 20:12:13',1),
	(184,5,'sb','[\"sj\",\"ga\",\"pl\"]',1,'2021-01-10 20:12:13',1),
	(185,1,'uz','[\"cl\",\"sy\",\"pg\"]',1,'2021-01-10 20:12:13',1),
	(186,1,'cz','[\"ao\",\"sd\",\"ge\"]',1,'2021-01-10 20:12:13',1),
	(187,2,'nl','[\"cv\",\"tm\",\"va\"]',1,'2021-01-10 20:12:13',1),
	(188,1,'nu','[\"ro\",\"cu\",\"cn\"]',1,'2021-01-10 20:12:13',1),
	(189,0,'ck','[\"tn\",\"cg\",\"pm\"]',1,'2021-01-10 20:12:13',1),
	(190,5,'gf','[\"mr\",\"cz\",\"ae\"]',1,'2021-01-10 20:12:13',1),
	(191,0,'ck','[\"id\",\"ar\",\"ge\"]',1,'2021-01-10 20:12:13',1),
	(192,1,'ve','[\"eh\",\"bj\",\"om\"]',1,'2021-01-10 20:12:13',1),
	(193,1,'vc','[\"sz\",\"ug\",\"bh\"]',1,'2021-01-10 20:12:13',1),
	(194,1,'at','[\"sh\",\"ag\",\"hk\"]',1,'2021-01-10 20:12:13',1),
	(195,1,'mq','[\"ca\",\"at\",\"tk\"]',1,'2021-01-10 20:12:13',1),
	(196,1,'ls','[\"mp\",\"fi\",\"am\"]',1,'2021-01-10 20:12:13',1),
	(197,0,'za','[\"aw\",\"ps\",\"ga\"]',1,'2021-01-10 20:12:13',1),
	(198,1,'lr','[\"tr\",\"ci\",\"fi\"]',1,'2021-01-10 20:12:13',1),
	(199,1,'kz','[\"bj\",\"fm\",\"gs\"]',1,'2021-01-10 20:12:13',1),
	(200,1,'um','[\"ge\",\"sk\",\"ph\"]',1,'2021-01-10 20:12:13',1),
	(201,1,'as','[\"qa\",\"at\",\"mk\"]',1,'2021-01-10 20:12:13',1),
	(202,3,'ps','[\"mw\",\"np\",\"fj\"]',1,'2021-01-10 20:12:13',1),
	(203,1,'sr','[\"mf\",\"fi\",\"li\"]',1,'2021-01-10 20:12:13',1),
	(204,0,'nu','[\"sy\",\"er\",\"ky\"]',1,'2021-01-10 20:12:13',1),
	(205,1,'cf','[\"ky\",\"uz\",\"us\"]',1,'2021-01-10 20:12:13',1),
	(206,1,'ws','[\"sb\",\"ae\",\"aw\"]',1,'2021-01-10 20:12:13',1),
	(207,0,'la','[\"tm\",\"ch\",\"pt\"]',1,'2021-01-10 20:12:13',1),
	(208,0,'ax','[\"bn\",\"eh\",\"bh\"]',1,'2021-01-10 20:12:13',1),
	(209,3,'kw','[\"um\",\"lr\",\"cn\"]',1,'2021-01-10 20:57:35',6),
	(210,1,'kz','[\"ax\",\"mz\",\"bd\"]',1,'2021-01-10 20:57:35',6),
	(211,1,'cn','[\"co\",\"pg\",\"mv\"]',1,'2021-01-10 20:57:35',6),
	(212,3,'bd','[\"dz\",\"iq\",\"sz\"]',1,'2021-01-10 20:57:35',6),
	(213,3,'sl','[\"dk\",\"bz\",\"jp\"]',1,'2021-01-10 20:57:35',6),
	(214,1,'ga','[\"bw\",\"tm\",\"by\"]',1,'2021-01-10 20:57:35',6),
	(215,1,'jp','[\"ar\",\"bs\",\"ua\"]',1,'2021-01-10 20:57:35',6),
	(216,0,'ca','[\"ru\",\"aq\",\"kh\"]',1,'2021-01-10 20:57:35',6),
	(217,3,'gh','[\"dm\",\"cu\",\"et\"]',1,'2021-01-10 20:57:35',6),
	(218,2,'mk','[\"mm\",\"pt\",\"zw\"]',1,'2021-01-10 20:57:35',6),
	(219,1,'az','[\"bm\",\"do\",\"pw\"]',1,'2021-01-10 20:57:35',6),
	(220,4,'re','[\"fr\",\"gl\",\"vi\"]',1,'2021-01-10 20:57:35',6),
	(221,6,'gi','[\"jp\",\"ad\",\"bm\"]',1,'2021-01-10 20:57:35',6),
	(222,3,'je','[\"fr\",\"yt\",\"tl\"]',1,'2021-01-10 20:57:35',6),
	(223,3,'pa','[\"in\",\"cc\",\"mo\"]',1,'2021-01-10 20:57:35',6),
	(224,2,'im','[\"sz\",\"as\",\"bi\"]',1,'2021-01-10 20:57:35',6),
	(225,1,'kz','[\"th\",\"mt\",\"hm\"]',1,'2021-01-10 20:57:35',6),
	(226,3,'re','[\"kh\",\"er\",\"bn\"]',1,'2021-01-10 20:57:35',6),
	(227,5,'fj','[\"dj\",\"gi\",\"ck\"]',0,'2021-01-10 20:57:35',6),
	(228,1,'hr','[\"sz\",\"pr\",\"by\"]',1,'2021-01-10 20:57:35',6),
	(229,5,'kn','[\"bf\",\"sz\",\"mx\"]',1,'2021-01-10 20:57:35',6),
	(230,3,'ye','[\"gr\",\"mk\",\"cv\"]',1,'2021-01-10 20:57:35',6),
	(231,1,'bg','[\"pr\",\"jo\",\"bd\"]',1,'2021-01-10 20:57:35',6),
	(232,4,'uz','[\"np\",\"ci\",\"ne\"]',1,'2021-01-10 20:57:35',6),
	(233,2,'cx','[\"dz\",\"pf\",\"sd\"]',1,'2021-01-10 20:57:35',6),
	(234,3,'ae','[\"tg\",\"pm\",\"be\"]',1,'2021-01-10 20:57:35',6),
	(235,1,'kh','[\"gb\",\"az\",\"cv\"]',1,'2021-01-10 20:57:35',6),
	(236,2,'gd','[\"pe\",\"uy\",\"ru\"]',1,'2021-01-10 20:57:35',6),
	(237,3,'bm','[\"mx\",\"ag\",\"bn\"]',0,'2021-01-10 20:57:35',6),
	(238,1,'tv','[\"lk\",\"gw\",\"lr\"]',0,'2021-01-10 20:57:35',6),
	(239,2,'rw','[\"lk\",\"sn\",\"iq\"]',1,'2021-01-10 20:59:11',6),
	(240,1,'au','[\"tl\",\"ky\",\"cv\"]',1,'2021-01-10 20:59:11',6),
	(241,1,'pt','[\"gu\",\"de\",\"ml\"]',1,'2021-01-10 20:59:11',6),
	(242,1,'pt','[]',1,'2021-01-10 20:59:11',6),
	(243,5,'ne','[\"gn\",\"ki\",\"gy\",\"la\",\"pg\",\"tr\",\"gd\"]',1,'2021-01-10 20:59:11',6),
	(244,1,'bi','[\"gr\",\"ng\",\"no\"]',1,'2021-01-10 20:59:11',6),
	(245,4,'gh','[\"bn\",\"td\",\"hk\"]',1,'2021-01-10 20:59:11',6),
	(246,1,'am','[\"lk\",\"as\",\"om\"]',1,'2021-01-10 20:59:11',6),
	(247,4,'dj','[\"sa\",\"sn\",\"bz\"]',0,'2021-01-10 20:59:11',6),
	(248,4,'bz','[\"je\",\"pf\",\"in\"]',1,'2021-01-10 20:59:11',6),
	(249,4,'ax','[\"sr\",\"nz\",\"hm\"]',0,'2021-01-10 20:59:11',6),
	(250,4,'id','[\"kg\",\"zm\",\"am\"]',0,'2021-01-10 20:59:11',6),
	(251,1,'jo','[\"do\",\"mo\",\"cx\"]',1,'2021-01-10 20:59:20',6),
	(252,1,'vi','[\"pf\",\"nz\",\"cf\"]',0,'2021-01-10 21:05:22',6),
	(253,5,'uy','[\"dj\",\"tj\",\"tz\"]',1,'2021-01-10 21:06:06',1),
	(254,1,'bb','[\"cm\",\"jp\",\"ar\"]',1,'2021-01-10 21:06:06',1),
	(255,1,'ch','[\"md\",\"gb\",\"cl\"]',1,'2021-01-10 21:06:06',1),
	(256,1,'ua','[\"mm\",\"vu\",\"gg\"]',1,'2021-01-10 21:06:06',1),
	(257,2,'sz','[\"hu\",\"nl\",\"gu\"]',1,'2021-01-10 21:06:06',1),
	(258,2,'mz','[\"sk\",\"nc\",\"ug\"]',1,'2021-01-10 21:06:06',1),
	(259,2,'kr','[\"np\",\"ao\",\"bj\"]',1,'2021-01-10 21:06:06',1),
	(260,3,'gf','[\"tc\",\"er\",\"pm\"]',1,'2021-01-10 21:06:06',1),
	(261,2,'nl','[\"fr\",\"hr\",\"ni\"]',1,'2021-01-10 21:06:06',1),
	(262,2,'dk','[\"am\",\"pl\",\"ht\"]',1,'2021-01-10 21:06:06',1),
	(263,2,'sj','[\"gq\",\"ne\",\"ro\"]',1,'2021-01-10 21:06:06',1),
	(264,1,'gb','[\"si\",\"gh\",\"zw\",\"tg\",\"bj\",\"gd\",\"lk\"]',1,'2021-01-10 21:07:14',6),
	(265,2,'ao','[\"do\",\"de\",\"cz\"]',1,'2021-01-10 21:07:14',6),
	(266,3,'ci','[\"mc\",\"nf\",\"fo\"]',1,'2021-01-10 21:07:14',6),
	(267,1,'cx','[\"io\",\"si\",\"cf\"]',1,'2021-01-10 21:07:14',6),
	(268,1,'aq','[\"st\",\"cx\",\"ua\"]',1,'2021-01-10 21:07:14',6),
	(269,3,'li','[\"kg\",\"va\",\"as\"]',1,'2021-01-10 21:07:14',6),
	(270,1,'gl','[\"ao\",\"ly\",\"hk\"]',1,'2021-01-10 21:07:14',6),
	(271,3,'je','[\"gs\",\"cx\",\"ni\"]',1,'2021-01-10 21:07:14',6),
	(272,3,'bm','[\"tj\",\"lk\",\"cl\"]',1,'2021-01-10 21:07:14',6),
	(273,1,'ru','[\"lc\",\"to\",\"jp\"]',1,'2021-01-10 21:07:14',6),
	(274,1,'gr','[\"hu\",\"uz\",\"ba\"]',1,'2021-01-10 21:07:14',6),
	(275,2,'cr','[\"mm\",\"fo\",\"kp\"]',1,'2021-01-10 21:07:14',6),
	(276,2,'sn','[\"vg\",\"mr\",\"by\"]',1,'2021-01-10 21:07:14',6),
	(277,1,'ck','[\"bh\",\"it\",\"pe\"]',1,'2021-01-10 21:07:14',6),
	(278,4,'ye','[\"tj\",\"ms\",\"um\"]',0,'2021-01-10 21:07:14',6),
	(279,2,'np','[\"al\",\"co\",\"cn\"]',1,'2021-01-10 21:07:14',6),
	(280,1,'bg','[\"sj\",\"cv\",\"mk\"]',1,'2021-01-10 21:07:14',6),
	(281,4,'ws','[\"cu\",\"cl\",\"gh\"]',1,'2021-01-10 21:07:14',6),
	(282,5,'yt','[\"bj\",\"rs\",\"jp\"]',1,'2021-01-10 21:07:14',6),
	(283,4,'va','[\"mt\",\"by\",\"fi\"]',1,'2021-01-10 21:07:14',6),
	(284,5,'ch','[\"ph\",\"bi\",\"gn\"]',1,'2021-01-10 21:07:14',6),
	(285,4,'ms','[\"ye\",\"al\",\"pk\"]',0,'2021-01-10 21:07:14',6),
	(286,1,'lv','[\"ye\",\"mg\",\"je\"]',1,'2021-01-10 21:07:14',6),
	(287,6,'tz','[\"io\",\"sz\",\"tv\"]',0,'2021-01-10 21:07:14',6),
	(288,1,'za','[\"ml\",\"kp\",\"tn\"]',1,'2021-01-10 21:08:59',6),
	(289,2,'hk','[\"cf\",\"dm\",\"re\"]',1,'2021-01-10 21:08:59',6),
	(290,2,'cc','[\"ao\",\"bf\",\"vg\"]',0,'2021-01-10 21:08:59',6),
	(291,2,'ml','[\"ve\",\"cn\",\"nu\"]',1,'2021-01-10 21:08:59',6),
	(292,2,'ml','[]',1,'2021-01-10 21:08:59',6),
	(293,1,'ca','[\"rs\",\"jm\",\"cr\",\"gl\",\"mr\",\"ki\",\"sm\"]',1,'2021-01-10 21:08:59',6),
	(294,3,'mw','[\"iq\",\"tc\",\"nl\"]',1,'2021-01-10 21:08:59',6),
	(295,1,'vu','[\"pw\",\"pt\",\"se\"]',1,'2021-01-10 21:08:59',6),
	(296,1,'ye','[\"mk\",\"ua\",\"sr\"]',1,'2021-01-10 21:08:59',6),
	(297,2,'bf','[\"ir\",\"va\",\"ni\"]',0,'2021-01-10 21:08:59',6),
	(298,1,'fr','[\"bi\",\"do\",\"jp\"]',1,'2021-01-10 21:08:59',6),
	(299,4,'sb','[\"ve\",\"bj\",\"pe\"]',1,'2021-01-10 21:08:59',6),
	(300,1,'kz','[\"kr\",\"qa\",\"gy\"]',1,'2021-01-10 21:08:59',6),
	(301,2,'je','[\"cu\",\"ro\",\"pl\"]',1,'2021-01-10 21:08:59',6),
	(302,3,'pw','[\"mz\",\"ga\",\"aq\"]',1,'2021-01-10 21:08:59',6),
	(303,7,'gd','[\"es\",\"vu\",\"sn\"]',1,'2021-01-10 21:08:59',6),
	(304,7,'bb','[\"fj\",\"sv\",\"tm\"]',1,'2021-01-10 21:08:59',6),
	(305,1,'yt','[\"pr\",\"jo\",\"td\"]',1,'2021-01-10 21:08:59',6),
	(306,2,'ml','[\"by\",\"qa\",\"ws\"]',1,'2021-01-10 21:08:59',6),
	(307,1,'lt','[\"gt\",\"es\",\"br\"]',1,'2021-01-10 21:08:59',6),
	(308,1,'cu','[\"vu\",\"ki\",\"gg\"]',1,'2021-01-10 21:08:59',6),
	(309,1,'az','[\"sm\",\"be\",\"cx\"]',1,'2021-01-10 21:08:59',6),
	(310,1,'md','[\"pm\",\"pg\",\"cd\"]',1,'2021-01-10 21:08:59',6),
	(311,1,'ye','[\"um\",\"nr\",\"cl\"]',1,'2021-01-10 21:08:59',6),
	(312,4,'zm','[\"gy\",\"tf\",\"om\"]',0,'2021-01-10 21:08:59',6),
	(313,2,'uz','[\"fm\",\"kz\",\"cy\"]',0,'2021-01-10 21:09:04',6),
	(314,4,'kw','[\"pw\",\"pe\",\"pr\",\"sl\",\"pl\",\"cl\",\"bj\"]',1,'2021-01-10 21:09:53',6),
	(315,2,'pn','[\"bi\",\"fi\",\"fo\"]',1,'2021-01-10 21:09:53',6),
	(316,2,'ms','[\"zw\",\"mv\",\"sj\"]',1,'2021-01-10 21:09:53',6),
	(317,1,'aq','[\"bg\",\"jo\",\"ao\"]',1,'2021-01-10 21:09:53',6),
	(318,3,'mm','[\"lu\",\"ai\",\"dk\"]',1,'2021-01-10 21:09:53',6),
	(319,1,'jm','[\"hu\",\"at\",\"bo\"]',1,'2021-01-10 21:09:53',6),
	(320,4,'ao','[\"hm\",\"gh\",\"ci\"]',1,'2021-01-10 21:09:53',6),
	(321,7,'za','[\"pg\",\"je\",\"si\"]',1,'2021-01-10 21:09:53',6),
	(322,3,'us','[\"cv\",\"um\",\"nf\"]',0,'2021-01-10 21:09:53',6),
	(323,1,'br','[\"cy\",\"io\",\"sk\",\"md\",\"hm\",\"gh\",\"dm\"]',1,'2021-01-10 21:10:15',6),
	(324,5,'sa','[\"id\",\"kp\",\"py\"]',1,'2021-01-10 21:11:11',6),
	(325,0,'ee','[\"no\",\"ki\",\"fm\"]',1,'2021-01-10 21:11:11',6),
	(326,2,'nf','[\"gg\",\"py\",\"us\"]',1,'2021-01-10 21:11:11',6),
	(327,2,'bj','[\"ws\",\"bo\",\"gr\"]',0,'2021-01-10 21:11:11',6),
	(328,1,'ch','[\"mw\",\"cr\",\"bg\"]',1,'2021-01-10 21:11:11',6),
	(329,1,'bg','[\"gw\",\"ba\",\"pm\"]',1,'2021-01-10 21:11:11',6),
	(330,1,'il','[\"my\",\"mr\",\"nr\"]',1,'2021-01-10 21:11:11',6),
	(331,4,'kw','[\"vg\",\"bn\",\"mc\"]',1,'2021-01-10 21:11:11',6),
	(332,1,'ga','[\"ve\",\"bo\",\"la\"]',1,'2021-01-10 21:11:11',6),
	(333,1,'kr','[\"mt\",\"dk\",\"wf\"]',1,'2021-01-10 21:11:11',6),
	(334,6,'ps','[\"bf\",\"li\",\"sr\"]',0,'2021-01-10 21:11:11',6),
	(335,2,'bw','[\"hk\",\"br\",\"af\"]',0,'2021-01-10 21:11:11',6),
	(336,10,'dj','[\"ms\",\"mk\",\"sz\"]',0,'2021-01-10 21:11:26',6),
	(337,3,'gp','[\"pf\",\"bb\",\"bd\"]',1,'2021-01-11 00:56:18',6),
	(338,3,'bm','[\"sc\",\"bw\",\"pe\"]',1,'2021-01-11 00:56:18',6),
	(339,3,'bh','[\"ir\",\"dz\",\"gf\"]',0,'2021-01-11 00:56:18',6),
	(340,2,'ax','[\"it\",\"qa\",\"bf\"]',1,'2021-01-11 00:56:18',6),
	(341,3,'cc','[\"bj\",\"tj\",\"sc\"]',1,'2021-01-11 00:56:18',6),
	(342,2,'rw','[\"gt\",\"ls\",\"my\"]',0,'2021-01-11 00:56:18',6),
	(343,1,'pn','[\"sb\",\"tg\",\"as\"]',1,'2021-01-11 00:56:18',6),
	(344,1,'pn','[\"bo\",\"gl\",\"pa\"]',1,'2021-01-11 00:56:18',6),
	(345,2,'ml','[\"fk\",\"ve\",\"id\"]',1,'2021-01-11 00:56:18',6),
	(346,1,'tm','[\"iq\",\"gq\",\"tn\"]',1,'2021-01-11 00:56:18',6),
	(347,2,'mo','[\"is\",\"es\",\"tv\"]',1,'2021-01-11 00:56:18',6),
	(348,1,'ar','[\"tl\",\"om\",\"gs\"]',1,'2021-01-11 00:56:18',6),
	(349,1,'mo','[\"co\",\"ec\",\"tt\"]',1,'2021-01-11 00:56:18',6),
	(350,2,'bo','[\"io\",\"mo\",\"bm\"]',1,'2021-01-11 00:56:18',6),
	(351,1,'hr','[\"mt\",\"nu\",\"tj\"]',1,'2021-01-11 00:56:18',6),
	(352,2,'kn','[\"mf\",\"um\",\"io\"]',1,'2021-01-11 00:56:18',6),
	(353,2,'tg','[\"kw\",\"ec\",\"so\"]',0,'2021-01-11 00:56:18',6),
	(354,7,'ee','[\"re\",\"sc\",\"fi\"]',0,'2021-01-11 00:56:51',6),
	(355,2,'st','[\"tw\",\"is\",\"ky\"]',1,'2021-01-11 00:56:51',6),
	(356,5,'tc','[\"gr\",\"km\",\"et\"]',0,'2021-01-11 00:56:51',6),
	(357,3,'bn','[\"pr\",\"bg\",\"kp\"]',1,'2021-01-11 00:56:51',6),
	(358,1,'cv','[\"gw\",\"bw\",\"ro\"]',0,'2021-01-11 00:56:51',6),
	(359,2,'ne','[\"tf\",\"sl\",\"gh\"]',1,'2021-01-11 00:57:10',6),
	(360,2,'ne','[]',1,'2021-01-11 00:57:10',6),
	(361,5,'za','[\"ma\",\"tw\",\"wf\",\"re\",\"md\",\"mu\",\"ee\"]',1,'2021-01-11 00:57:10',6),
	(362,4,'ir','[\"gm\",\"cd\",\"sn\"]',0,'2021-01-11 00:57:10',6),
	(363,4,'pg','[\"hu\",\"cl\",\"na\"]',0,'2021-01-11 01:49:45',9),
	(364,3,'kp','[\"by\",\"ir\",\"iq\"]',1,'2021-01-11 01:49:45',9),
	(365,1,'kn','[\"th\",\"sa\",\"ws\"]',1,'2021-01-11 01:49:45',9),
	(366,1,'tm','[\"sj\",\"qa\",\"au\"]',1,'2021-01-11 01:49:45',9),
	(367,1,'rs','[\"at\",\"mg\",\"ml\"]',1,'2021-01-11 01:49:45',9),
	(368,1,'gs','[\"gd\",\"ml\",\"dj\"]',1,'2021-01-11 01:49:45',9),
	(369,2,'tw','[\"kh\",\"sv\",\"nz\"]',0,'2021-01-11 01:49:45',9),
	(370,2,'cy','[\"aq\",\"rs\",\"sy\"]',0,'2021-01-11 01:49:45',9),
	(371,2,'us','[\"zm\",\"am\",\"bo\"]',1,'2021-01-11 01:50:17',9),
	(372,1,'la','[\"lk\",\"co\",\"km\"]',1,'2021-01-11 01:50:17',9),
	(373,1,'tf','[\"bz\",\"py\",\"se\"]',1,'2021-01-11 01:50:17',9),
	(374,3,'mv','[\"ht\",\"ky\",\"kw\"]',0,'2021-01-11 01:50:17',9),
	(375,1,'sn','[\"uy\",\"bz\",\"ki\"]',0,'2021-01-11 01:50:17',9),
	(376,1,'tz','[\"yt\",\"hu\",\"pm\"]',1,'2021-01-11 01:50:17',9),
	(377,4,'ai','[\"bn\",\"fj\",\"by\"]',0,'2021-01-11 01:50:17',9),
	(378,1,'ir','[\"vi\",\"cv\",\"mh\"]',1,'2021-01-11 01:51:07',9),
	(379,1,'ir','[\"ws\",\"bl\",\"zw\"]',1,'2021-01-11 01:51:07',9),
	(380,2,'ro','[\"de\",\"mm\",\"la\"]',1,'2021-01-11 01:51:07',9),
	(381,3,'je','[\"ai\",\"gm\",\"ca\"]',1,'2021-01-11 01:51:07',9),
	(382,3,'bw','[\"sr\",\"it\",\"tn\"]',0,'2021-01-11 01:51:07',9),
	(383,4,'kr','[\"as\",\"ch\",\"ly\"]',1,'2021-01-11 01:51:07',9),
	(384,3,'mp','[\"mw\",\"pl\",\"ua\"]',0,'2021-01-11 01:51:07',9),
	(385,2,'gi','[\"pe\",\"sk\",\"mg\"]',1,'2021-01-11 01:51:07',9),
	(386,1,'rs','[\"ps\",\"tc\",\"cf\"]',1,'2021-01-11 01:51:07',9),
	(387,1,'jo','[\"km\",\"sd\",\"tf\"]',0,'2021-01-11 01:51:07',9),
	(388,2,'il','[\"gb\",\"ai\",\"me\"]',1,'2021-01-11 01:51:44',9),
	(389,2,'mg','[\"tz\",\"sm\",\"br\"]',0,'2021-01-11 01:51:44',9),
	(390,1,'az','[\"bn\",\"hm\",\"ua\"]',1,'2021-01-11 01:51:44',9),
	(391,1,'ci','[\"lc\",\"sh\",\"iq\"]',0,'2021-01-11 01:51:44',9),
	(392,2,'dm','[\"es\",\"ec\",\"ls\"]',1,'2021-01-11 01:51:44',9),
	(393,1,'uy','[\"ng\",\"sk\",\"pm\"]',1,'2021-01-11 01:51:44',9),
	(394,2,'ck','[\"pw\",\"pt\",\"eh\"]',1,'2021-01-11 01:51:44',9),
	(395,1,'no','[\"az\",\"za\",\"cz\"]',1,'2021-01-11 01:51:44',9),
	(396,2,'tv','[\"cd\",\"bg\",\"sa\"]',0,'2021-01-11 01:51:44',9),
	(397,2,'mw','[\"ba\",\"au\",\"kn\"]',0,'2021-01-11 01:52:00',9),
	(398,2,'tj','[\"id\",\"tn\",\"nr\"]',0,'2021-01-11 01:52:00',9),
	(399,3,'re','[\"ba\",\"ls\",\"tj\"]',1,'2021-01-11 01:52:00',9),
	(400,1,'cv','[\"ki\",\"gg\",\"pf\"]',0,'2021-01-11 01:52:00',9),
	(401,2,'bt','[\"ag\",\"kw\",\"cm\"]',0,'2021-01-11 01:52:14',9),
	(402,5,'gf','[\"tj\",\"mz\",\"gn\"]',0,'2021-01-11 01:52:14',9),
	(403,1,'tt','[\"tz\",\"pw\",\"ms\"]',0,'2021-01-11 01:52:14',9),
	(404,3,'ms','[\"hr\",\"rs\",\"bh\"]',1,'2021-01-11 01:53:15',9),
	(405,1,'fr','[\"bj\",\"hk\",\"by\"]',1,'2021-01-11 01:53:15',9),
	(406,3,'ax','[\"zw\",\"jp\",\"al\"]',1,'2021-01-11 01:53:15',9),
	(407,3,'ni','[\"bl\",\"hk\",\"bf\"]',1,'2021-01-11 01:53:15',9),
	(408,1,'gm','[\"kg\",\"ma\",\"va\"]',1,'2021-01-11 01:53:15',9),
	(409,3,'om','[\"ua\",\"bl\",\"lu\"]',0,'2021-01-11 01:53:15',9),
	(410,4,'al','[\"pm\",\"aq\",\"tm\"]',1,'2021-01-11 01:53:15',9),
	(411,1,'sb','[\"jm\",\"hu\",\"ar\"]',1,'2021-01-11 01:53:15',9),
	(412,1,'mc','[\"pf\",\"pt\",\"et\"]',1,'2021-01-11 01:53:15',9),
	(413,1,'vi','[\"bh\",\"jm\",\"ws\"]',0,'2021-01-11 01:53:15',9),
	(414,4,'md','[\"cm\",\"tw\",\"ar\"]',1,'2021-01-11 01:53:15',9),
	(415,2,'nf','[\"mo\",\"bn\",\"af\"]',1,'2021-01-11 01:53:15',9),
	(416,1,'ve','[\"ax\",\"ar\",\"kr\"]',0,'2021-01-11 01:53:15',9),
	(417,2,'yt','[\"bg\",\"na\",\"pl\"]',1,'2021-01-11 01:53:54',9),
	(418,1,'ao','[\"ga\",\"kn\",\"ye\"]',0,'2021-01-11 01:53:54',9),
	(419,6,'at','[\"id\",\"ck\",\"ht\"]',1,'2021-01-11 01:53:54',9),
	(420,1,'no','[\"pe\",\"ga\",\"bi\"]',1,'2021-01-11 01:53:54',9),
	(421,2,'gn','[\"ws\",\"md\",\"nc\"]',1,'2021-01-11 01:53:54',9),
	(422,1,'aq','[\"fi\",\"hn\",\"az\"]',1,'2021-01-11 01:53:54',9),
	(423,2,'kw','[\"ws\",\"gq\",\"pw\"]',0,'2021-01-11 01:53:54',9),
	(424,1,'sn','[\"ad\",\"me\",\"eg\"]',1,'2021-01-11 01:53:54',9),
	(425,2,'pf','[\"pr\",\"aw\",\"ve\"]',0,'2021-01-11 01:53:54',9),
	(426,4,'cy','[\"ad\",\"mc\",\"au\"]',1,'2021-01-11 01:54:35',9),
	(427,2,'my','[\"tv\",\"bz\",\"bi\"]',0,'2021-01-11 01:54:35',9),
	(428,6,'fm','[\"dk\",\"ao\",\"yt\"]',1,'2021-01-11 01:54:35',9),
	(429,3,'bz','[\"fi\",\"pk\",\"om\"]',0,'2021-01-11 01:54:35',9),
	(430,1,'ir','[\"mz\",\"uy\",\"th\"]',1,'2021-01-11 01:54:35',9),
	(431,2,'tl','[\"ie\",\"co\",\"az\"]',1,'2021-01-11 01:54:35',9),
	(432,1,'rs','[\"jp\",\"tk\",\"ni\"]',1,'2021-01-11 01:54:35',9),
	(433,6,'sg','[\"ky\",\"ec\",\"vc\"]',0,'2021-01-11 01:54:35',9),
	(434,2,'py','[\"ls\",\"ki\",\"ge\"]',0,'2021-01-11 01:54:53',9),
	(435,1,'nl','[\"fr\",\"mh\",\"sh\"]',0,'2021-01-11 01:54:53',9),
	(436,4,'ba','[\"yt\",\"sg\",\"sl\"]',1,'2021-01-11 01:54:53',9),
	(437,2,'cr','[\"pn\",\"no\",\"ht\"]',0,'2021-01-11 01:54:53',9),
	(438,1,'tw','[\"ca\",\"ae\",\"ag\"]',0,'2021-01-11 01:55:04',9),
	(439,1,'mg','[\"nr\",\"im\",\"ga\"]',0,'2021-01-11 01:55:04',9),
	(440,2,'iq','[\"gg\",\"lu\",\"ad\"]',0,'2021-01-11 01:55:04',9),
	(441,4,'np','[\"tr\",\"tz\",\"vu\"]',1,'2021-01-11 01:55:45',9),
	(442,3,'pr','[\"tm\",\"kg\",\"sd\"]',1,'2021-01-11 01:55:45',9),
	(443,1,'se','[\"er\",\"eg\",\"sc\"]',1,'2021-01-11 01:55:45',9),
	(444,2,'mm','[\"om\",\"no\",\"tw\"]',0,'2021-01-11 01:55:45',9),
	(445,1,'as','[\"tn\",\"kh\",\"co\"]',1,'2021-01-11 01:55:45',9),
	(446,1,'iq','[\"li\",\"cn\",\"kn\"]',1,'2021-01-11 01:55:45',9),
	(447,2,'sz','[\"pw\",\"mx\",\"to\"]',0,'2021-01-11 01:55:45',9),
	(448,1,'us','[\"gm\",\"dm\",\"sv\"]',1,'2021-01-11 01:55:45',9),
	(449,1,'ua','[\"cm\",\"de\",\"au\"]',1,'2021-01-11 01:55:45',9),
	(450,5,'dm','[\"sr\",\"cl\",\"km\"]',0,'2021-01-11 01:55:45',9),
	(451,2,'ve','[\"za\",\"bm\",\"gu\"]',0,'2021-01-11 01:55:58',9),
	(452,2,'bm','[\"cn\",\"ae\",\"lu\"]',0,'2021-01-11 01:55:58',9),
	(453,1,'ee','[\"ba\",\"tl\",\"tt\"]',1,'2021-01-11 01:55:58',9),
	(454,1,'ws','[\"qa\",\"mm\",\"am\"]',0,'2021-01-11 01:55:58',9),
	(455,2,'um','[\"th\",\"lt\",\"sk\"]',1,'2021-01-11 01:56:28',9),
	(456,2,'tw','[\"si\",\"gb\",\"nu\"]',1,'2021-01-11 01:56:28',9),
	(457,3,'nu','[\"gb\",\"sb\",\"th\"]',0,'2021-01-11 01:56:28',9),
	(458,2,'gf','[\"ec\",\"tl\",\"cy\"]',0,'2021-01-11 01:56:28',9),
	(459,1,'pl','[\"ma\",\"fm\",\"mt\"]',1,'2021-01-11 01:56:28',9),
	(460,3,'gu','[\"gi\",\"ml\",\"dz\"]',1,'2021-01-11 01:56:28',9),
	(461,2,'je','[\"it\",\"aq\",\"kp\"]',0,'2021-01-11 01:56:28',9),
	(462,3,'sd','[\"be\",\"mq\",\"gf\"]',1,'2021-01-11 01:56:42',9),
	(463,2,'mp','[\"pe\",\"ph\",\"ax\"]',0,'2021-01-11 01:56:42',9),
	(464,2,'km','[\"hr\",\"gq\",\"hn\"]',0,'2021-01-11 01:56:42',9),
	(465,2,'gd','[\"aq\",\"bd\",\"fj\",\"ca\",\"kp\",\"ms\",\"gq\"]',0,'2021-01-11 01:57:19',9),
	(466,1,'my','[\"sn\",\"ci\",\"pa\"]',1,'2021-01-11 01:57:19',9),
	(467,2,'tf','[\"cf\",\"ve\",\"al\"]',1,'2021-01-11 01:57:19',9),
	(468,2,'mn','[\"ai\",\"ug\",\"gi\"]',0,'2021-01-11 01:57:19',9),
	(469,1,'ca','[\"tl\",\"gf\",\"tz\"]',1,'2021-01-11 01:57:19',9),
	(470,3,'ki','[\"bt\",\"vi\",\"jm\"]',1,'2021-01-11 01:57:19',9),
	(471,1,'sk','[\"tw\",\"re\",\"sn\"]',1,'2021-01-11 01:57:19',9),
	(472,1,'lu','[\"bb\",\"gw\",\"ck\"]',1,'2021-01-11 01:57:19',9),
	(473,1,'ru','[\"mt\",\"gb\",\"sk\"]',1,'2021-01-11 01:57:19',9),
	(474,2,'sc','[\"ca\",\"do\",\"gp\"]',0,'2021-01-11 01:57:19',9),
	(475,3,'ma','[\"nz\",\"ro\",\"hu\"]',0,'2021-01-11 01:57:41',9),
	(476,1,'ar','[\"gr\",\"ws\",\"lb\"]',1,'2021-01-11 01:57:41',9),
	(477,3,'lb','[\"nr\",\"vn\",\"au\"]',0,'2021-01-11 01:57:41',9),
	(478,1,'sc','[\"la\",\"km\",\"il\"]',1,'2021-01-11 01:57:41',9),
	(479,3,'ps','[\"ht\",\"am\",\"mn\"]',0,'2021-01-11 01:57:41',9),
	(480,3,'ir','[\"pt\",\"me\",\"fm\"]',1,'2021-01-11 01:58:31',9),
	(481,1,'bb','[\"tw\",\"lb\",\"md\"]',1,'2021-01-11 01:58:31',9),
	(482,1,'gb','[\"cr\",\"ca\",\"uz\"]',1,'2021-01-11 01:58:31',9),
	(483,3,'wf','[\"eg\",\"by\",\"lv\"]',0,'2021-01-11 01:58:31',9),
	(484,1,'bn','[\"tw\",\"gi\",\"hu\"]',1,'2021-01-11 01:58:31',9),
	(485,1,'iq','[\"bl\",\"pw\",\"ie\"]',1,'2021-01-11 01:58:31',9),
	(486,2,'al','[\"gh\",\"mm\",\"mv\"]',1,'2021-01-11 01:58:31',9),
	(487,0,'ca','[\"ng\",\"br\",\"md\"]',1,'2021-01-11 01:58:31',9),
	(488,3,'hn','[\"ae\",\"sr\",\"iq\"]',0,'2021-01-11 01:58:31',9),
	(489,2,'mr','[\"ml\",\"ne\",\"aq\"]',1,'2021-01-11 01:58:31',9),
	(490,4,'uz','[\"fr\",\"qa\",\"ag\"]',1,'2021-01-11 01:58:31',9),
	(491,3,'lb','[\"es\",\"jo\",\"et\"]',0,'2021-01-11 01:58:31',9),
	(492,2,'aw','[\"sg\",\"ca\",\"pa\"]',0,'2021-01-11 01:58:50',9),
	(493,2,'gd','[\"bf\",\"tv\",\"ge\"]',1,'2021-01-11 01:58:50',9),
	(494,1,'ma','[\"id\",\"ch\",\"us\"]',0,'2021-01-11 01:58:50',9),
	(495,2,'tl','[\"rw\",\"ae\",\"pn\"]',1,'2021-01-11 01:58:50',9),
	(496,2,'ni','[\"rs\",\"fr\",\"vn\"]',0,'2021-01-11 01:58:50',9),
	(497,3,'fj','[\"gy\",\"cl\",\"is\"]',0,'2021-01-11 01:59:11',9),
	(498,4,'li','[\"bt\",\"as\",\"pa\"]',0,'2021-01-11 01:59:11',9),
	(499,1,'gi','[\"br\",\"im\",\"za\"]',1,'2021-01-11 01:59:11',9),
	(500,1,'jm','[\"to\",\"th\",\"ck\"]',1,'2021-01-11 01:59:11',9),
	(501,2,'mp','[\"kw\",\"sn\",\"cd\"]',0,'2021-01-11 01:59:11',9),
	(502,4,'ls','[\"md\",\"zm\",\"sh\"]',1,'2021-01-11 02:00:10',9),
	(503,3,'li','[\"lk\",\"ag\",\"vu\"]',0,'2021-01-11 02:00:10',9),
	(504,5,'th','[\"nu\",\"zm\",\"ve\"]',1,'2021-01-11 02:00:10',9),
	(505,1,'jp','[\"bv\",\"bf\",\"je\"]',1,'2021-01-11 02:00:10',9),
	(506,2,'ec','[\"je\",\"nc\",\"im\"]',1,'2021-01-11 02:00:10',9),
	(507,1,'mt','[\"gb\",\"hk\",\"sl\"]',1,'2021-01-11 02:00:10',9),
	(508,2,'mt','[\"ae\",\"to\",\"vu\"]',1,'2021-01-11 02:00:10',9),
	(509,1,'jm','[\"md\",\"mk\",\"cr\"]',1,'2021-01-11 02:00:10',9),
	(510,2,'mh','[\"rs\",\"at\",\"km\"]',1,'2021-01-11 02:00:10',9),
	(511,1,'ps','[\"kr\",\"ni\",\"ne\"]',1,'2021-01-11 02:00:10',9),
	(512,1,'mc','[\"tj\",\"tv\",\"vi\"]',1,'2021-01-11 02:00:10',9),
	(513,3,'bv','[\"kw\",\"si\",\"ph\"]',0,'2021-01-11 02:00:10',9),
	(514,2,'tt','[\"lr\",\"to\",\"lu\"]',1,'2021-01-11 02:00:10',9),
	(515,1,'md','[\"td\",\"ph\",\"cy\"]',0,'2021-01-11 02:00:10',9),
	(516,1,'ua','[\"ni\",\"mf\",\"al\"]',1,'2021-01-11 02:00:52',9),
	(517,3,'mo','[\"md\",\"cr\",\"bz\"]',1,'2021-01-11 02:00:52',9),
	(518,2,'om','[\"sg\",\"pa\",\"yt\"]',0,'2021-01-11 02:00:52',9),
	(519,1,'gi','[\"nl\",\"lb\",\"je\"]',1,'2021-01-11 02:00:52',9),
	(520,1,'nc','[\"mt\",\"ph\",\"na\"]',0,'2021-01-11 02:00:52',9),
	(521,2,'gy','[\"fk\",\"tm\",\"pe\"]',1,'2021-01-11 02:00:52',9),
	(522,3,'cx','[\"yt\",\"lv\",\"kg\"]',1,'2021-01-11 02:00:52',9),
	(523,3,'eh','[\"qa\",\"ge\",\"bo\"]',0,'2021-01-11 02:00:52',9),
	(524,3,'om','[\"er\",\"bm\",\"me\"]',1,'2021-01-11 02:01:45',9),
	(525,2,'td','[\"sc\",\"io\",\"zm\"]',0,'2021-01-11 02:01:45',9),
	(526,10,'gh','[\"aw\",\"pr\",\"sh\"]',1,'2021-01-11 02:01:45',9),
	(527,2,'kg','[\"st\",\"me\",\"pn\"]',1,'2021-01-11 02:01:45',9),
	(528,1,'um','[\"kr\",\"nr\",\"si\"]',1,'2021-01-11 02:01:45',9),
	(529,1,'bd','[\"tr\",\"bn\",\"cc\"]',0,'2021-01-11 02:01:45',9),
	(530,2,'ml','[\"mn\",\"ni\",\"cv\"]',1,'2021-01-11 02:01:45',9),
	(531,1,'om','[\"pe\",\"fr\",\"vu\"]',1,'2021-01-11 02:01:45',9),
	(532,2,'sb','[\"gh\",\"ua\",\"ec\"]',1,'2021-01-11 02:01:45',9),
	(533,3,'me','[\"bz\",\"ad\",\"tj\"]',1,'2021-01-11 02:01:45',9),
	(534,1,'fj','[\"bn\",\"gy\",\"cu\"]',0,'2021-01-11 02:01:45',9),
	(535,1,'nc','[\"na\",\"dz\",\"li\"]',1,'2021-01-11 02:02:26',9),
	(536,1,'bb','[\"ca\",\"lk\",\"it\"]',1,'2021-01-11 02:02:26',9),
	(537,1,'sg','[\"sj\",\"mn\",\"ve\"]',1,'2021-01-11 02:02:26',9),
	(538,1,'ci','[\"au\",\"kh\",\"ye\"]',0,'2021-01-11 02:02:26',9),
	(539,4,'gl','[\"vu\",\"to\",\"li\"]',0,'2021-01-11 02:02:26',9),
	(540,8,'tn','[\"tm\",\"pf\",\"mh\"]',1,'2021-01-11 02:02:26',9),
	(541,1,'us','[\"fj\",\"cg\",\"py\"]',1,'2021-01-11 02:02:26',9),
	(542,4,'wf','[\"tf\",\"do\",\"tg\"]',0,'2021-01-11 02:02:26',9),
	(543,1,'ca','[\"lb\",\"tw\",\"dz\"]',1,'2021-01-11 02:03:22',9),
	(544,2,'td','[\"tv\",\"mh\",\"cr\"]',1,'2021-01-11 02:03:22',9),
	(545,3,'mx','[\"cn\",\"nc\",\"sh\"]',1,'2021-01-11 02:03:22',9),
	(546,2,'cv','[\"ph\",\"tv\",\"km\"]',0,'2021-01-11 02:03:22',9),
	(547,3,'bz','[\"ee\",\"iq\",\"td\"]',1,'2021-01-11 02:03:22',9),
	(548,1,'bb','[\"qa\",\"gi\",\"tv\"]',1,'2021-01-11 02:03:22',9),
	(549,2,'bi','[\"dk\",\"ad\",\"mo\"]',1,'2021-01-11 02:03:22',9),
	(550,0,'ee','[\"ag\",\"pm\",\"gm\"]',1,'2021-01-11 02:03:22',9),
	(551,6,'mv','[\"td\",\"sz\",\"ro\"]',0,'2021-01-11 02:03:22',9),
	(552,4,'hk','[\"lb\",\"af\",\"gp\"]',1,'2021-01-11 02:03:22',9),
	(553,2,'pm','[\"km\",\"bv\",\"th\"]',1,'2021-01-11 02:03:22',9),
	(554,3,'ht','[\"tf\",\"ao\",\"ki\"]',0,'2021-01-11 02:03:22',9),
	(555,1,'so','[\"ua\",\"vg\",\"gr\"]',1,'2021-01-11 02:04:09',9),
	(556,3,'sr','[\"ax\",\"dm\",\"tk\"]',0,'2021-01-11 02:04:09',9),
	(557,1,'bt','[\"sd\",\"sj\",\"yt\"]',0,'2021-01-11 02:04:09',9),
	(558,3,'ph','[\"mx\",\"ua\",\"et\"]',1,'2021-01-11 02:04:09',9),
	(559,2,'io','[\"az\",\"do\",\"bz\"]',1,'2021-01-11 02:04:09',9),
	(560,2,'io','[\"br\",\"yt\",\"mu\"]',1,'2021-01-11 02:04:09',9),
	(561,1,'pl','[\"cu\",\"bb\",\"sj\"]',1,'2021-01-11 02:04:09',9),
	(562,3,'cg','[\"vi\",\"gt\",\"co\"]',1,'2021-01-11 02:04:09',9),
	(563,1,'yt','[\"um\",\"mn\",\"ht\"]',1,'2021-01-11 02:04:09',9),
	(564,3,'ph','[\"gw\",\"ar\",\"ec\"]',1,'2021-01-11 02:04:09',9),
	(565,2,'uz','[\"bi\",\"pw\",\"mm\"]',0,'2021-01-11 02:04:09',9),
	(566,2,'ye','[\"mo\",\"au\",\"za\"]',0,'2021-01-11 02:04:38',9),
	(567,1,'es','[\"dk\",\"pa\",\"bw\"]',1,'2021-01-11 02:04:38',9),
	(568,2,'va','[\"tk\",\"pl\",\"mm\"]',1,'2021-01-11 02:04:38',9),
	(569,1,'kz','[\"my\",\"tf\",\"vi\"]',1,'2021-01-11 02:04:38',9),
	(570,4,'nu','[\"km\",\"me\",\"bn\"]',0,'2021-01-11 02:04:38',9),
	(571,1,'cx','[\"gh\",\"il\",\"ao\"]',1,'2021-01-11 02:04:38',9),
	(572,1,'rw','[\"it\",\"na\",\"sl\"]',0,'2021-01-11 02:04:38',9),
	(573,4,'sm','[\"pr\",\"md\",\"gm\"]',0,'2021-01-11 02:05:19',9),
	(574,1,'ne','[\"sc\",\"et\",\"tk\"]',1,'2021-01-11 02:05:19',9),
	(575,4,'uz','[\"ye\",\"vc\",\"br\"]',1,'2021-01-11 02:05:19',9),
	(576,2,'bw','[\"ax\",\"ws\",\"my\"]',1,'2021-01-11 02:05:19',9),
	(577,1,'tl','[\"td\",\"us\",\"vc\"]',1,'2021-01-11 02:05:19',9),
	(578,4,'pf','[\"vg\",\"af\",\"mk\"]',0,'2021-01-11 02:05:19',9),
	(579,2,'vu','[\"kw\",\"by\",\"to\"]',1,'2021-01-11 02:05:19',9),
	(580,2,'dz','[\"kg\",\"cg\",\"re\"]',1,'2021-01-11 02:05:19',9),
	(581,1,'gy','[\"vu\",\"be\",\"gt\"]',0,'2021-01-11 02:05:19',9),
	(582,2,'bt','[\"ru\",\"cz\",\"tw\"]',1,'2021-01-11 02:05:43',1),
	(583,2,'mf','[\"cn\",\"mv\",\"vg\"]',1,'2021-01-11 02:05:43',1),
	(584,2,'rw','[\"mn\",\"gu\",\"ec\"]',1,'2021-01-11 02:05:43',1),
	(585,4,'bd','[\"mv\",\"mn\",\"tc\"]',1,'2021-01-11 02:05:43',1),
	(586,3,'tm','[\"sc\",\"tk\",\"aq\"]',1,'2021-01-11 02:05:43',1),
	(587,7,'mk','[\"io\",\"um\",\"ye\"]',1,'2021-01-11 02:05:43',1),
	(588,1,'kg','[\"ba\",\"ky\",\"mt\"]',1,'2021-01-11 02:05:43',1),
	(589,7,'vi','[\"to\",\"bn\",\"gd\"]',1,'2021-01-11 02:05:43',1),
	(590,9,'mm','[\"pe\",\"mu\",\"cg\"]',1,'2021-01-11 02:05:43',1),
	(591,1,'et','[\"bg\",\"pm\",\"cy\"]',1,'2021-01-11 02:05:43',1),
	(592,2,'ky','[\"gl\",\"wf\",\"im\"]',1,'2021-01-11 02:05:43',1),
	(593,5,'tf','[\"tt\",\"de\",\"cz\"]',1,'2021-01-11 02:05:43',1),
	(594,5,'sk','[\"hu\",\"mv\",\"ph\"]',1,'2021-01-11 02:05:43',1),
	(595,8,'na','[\"mr\",\"sh\",\"je\"]',1,'2021-01-11 03:51:57',6),
	(596,5,'sn','[\"pr\",\"et\",\"co\"]',1,'2021-01-11 03:51:57',6),
	(597,6,'mg','[\"lv\",\"tg\",\"tt\"]',1,'2021-01-11 03:51:57',6),
	(598,10,'vi','[\"nf\",\"uy\",\"qa\"]',1,'2021-01-11 03:51:57',6),
	(599,13,'cd','[\"se\",\"is\",\"ls\"]',0,'2021-01-11 03:51:57',6),
	(600,7,'fi','[\"tc\",\"gg\",\"my\"]',1,'2021-01-11 03:51:57',6),
	(601,4,'hr','[\"hu\",\"bh\",\"so\"]',1,'2021-01-11 03:51:57',6),
	(602,14,'kg','[\"mk\",\"er\",\"co\"]',1,'2021-01-11 03:51:57',6),
	(603,12,'st','[\"cd\",\"ge\",\"ba\"]',1,'2021-01-11 03:51:57',6),
	(604,6,'md','[\"gh\",\"il\",\"me\"]',1,'2021-01-11 03:51:57',6),
	(605,5,'ne','[\"cr\",\"cc\",\"cy\"]',1,'2021-01-11 03:51:57',6),
	(606,14,'na','[\"mh\",\"bd\",\"mn\"]',0,'2021-01-11 03:51:57',6),
	(607,9,'by','[\"mh\",\"tz\",\"ae\"]',1,'2021-01-11 03:51:57',6),
	(608,23,'ug','[\"kw\",\"ch\",\"yt\"]',1,'2021-01-11 03:51:57',6),
	(609,14,'yt','[\"jm\",\"cx\",\"pw\"]',1,'2021-01-11 03:51:57',6),
	(610,34,'za','[\"yt\",\"bl\",\"gf\"]',1,'2021-01-11 03:51:57',6),
	(611,14,'hu','[\"gl\",\"pa\",\"ws\"]',1,'2021-01-11 03:51:57',6),
	(612,7,'bb','[\"ad\",\"ly\",\"lc\"]',1,'2021-01-11 03:51:57',6),
	(613,11,'pw','[\"mu\",\"cd\",\"bf\"]',0,'2021-01-11 03:51:57',6),
	(614,18,'at','[\"hr\",\"bs\",\"ir\"]',1,'2021-01-11 03:52:20',6),
	(615,5,'ga','[\"ax\",\"na\",\"kg\"]',1,'2021-01-11 03:52:20',6),
	(616,5,'ws','[\"ye\",\"gy\",\"mr\"]',0,'2021-01-12 02:09:53',6),
	(617,7,'tl','[\"lt\",\"bl\",\"lv\"]',1,'2021-01-12 02:11:09',6),
	(618,8,'bo','[\"mu\",\"ga\",\"sr\"]',0,'2021-01-12 02:11:09',6),
	(619,2,'ch','[\"gn\",\"do\",\"cc\"]',1,'2021-01-12 02:11:09',6),
	(620,7,'mw','[\"mx\",\"mk\",\"bm\"]',1,'2021-01-12 02:11:09',6),
	(621,7,'tf','[\"ru\",\"ky\",\"gn\"]',1,'2021-01-12 02:11:09',6),
	(622,7,'nr','[\"md\",\"mz\",\"ng\"]',0,'2021-01-12 02:11:09',6),
	(623,7,'tz','[\"ps\",\"mh\",\"nz\"]',1,'2021-01-12 02:11:09',6),
	(624,3,'ao','[\"ls\",\"ky\",\"jm\"]',1,'2021-01-12 02:11:09',6),
	(625,3,'cu','[\"hm\",\"aq\",\"ai\"]',1,'2021-01-12 02:11:09',6),
	(626,3,'bs','[\"mf\",\"ck\",\"aw\"]',1,'2021-01-12 02:11:09',6),
	(627,2,'ge','[\"es\",\"bo\",\"do\"]',1,'2021-01-12 02:11:09',6),
	(628,2,'se','[\"lt\",\"ai\",\"sj\"]',1,'2021-01-12 02:11:09',6),
	(629,4,'tm','[\"se\",\"lc\",\"np\"]',1,'2021-01-12 02:11:09',6),
	(630,2,'sn','[\"ir\",\"pf\",\"bm\"]',1,'2021-01-12 02:11:09',6),
	(631,5,'si','[\"id\",\"mk\",\"ck\"]',1,'2021-01-12 02:11:09',6),
	(632,5,'km','[\"bz\",\"br\",\"gi\"]',1,'2021-01-12 02:11:09',6),
	(633,11,'bd','[\"tt\",\"sa\",\"dm\"]',0,'2021-01-12 02:11:09',6),
	(634,11,'ph','[\"jp\",\"kw\",\"tz\"]',1,'2021-01-12 02:12:13',6),
	(635,3,'tf','[\"ad\",\"st\",\"ph\"]',1,'2021-01-12 02:12:13',6),
	(636,9,'ls','[\"mr\",\"sn\",\"hn\"]',1,'2021-01-12 02:12:13',6),
	(637,7,'mq','[\"jo\",\"se\",\"bl\"]',1,'2021-01-12 02:12:13',6),
	(638,2,'es','[\"sy\",\"pr\",\"et\"]',1,'2021-01-12 02:12:13',6),
	(639,2,'md','[\"mq\",\"sz\",\"va\"]',1,'2021-01-12 02:12:13',6),
	(640,3,'im','[\"bf\",\"ls\",\"se\"]',1,'2021-01-12 02:12:13',6),
	(641,2,'am','[\"lv\",\"ci\",\"jm\"]',1,'2021-01-12 02:12:13',6),
	(642,6,'so','[\"bv\",\"va\",\"tl\"]',0,'2021-01-12 02:12:13',6),
	(643,8,'bz','[\"ae\",\"so\",\"sv\"]',0,'2021-01-12 02:12:13',6),
	(644,10,'gi','[\"bf\",\"kz\",\"bi\"]',1,'2021-01-12 02:12:13',6),
	(645,2,'ie','[\"ir\",\"pe\",\"tf\"]',1,'2021-01-12 02:12:13',6),
	(646,3,'io','[\"gr\",\"sy\",\"gw\"]',1,'2021-01-12 02:12:13',6),
	(647,7,'gp','[\"ht\",\"rw\",\"tn\"]',0,'2021-01-12 02:12:13',6),
	(648,3,'tr','[\"pe\",\"it\",\"ba\"]',1,'2021-01-12 02:13:16',6),
	(649,2,'md','[\"cl\",\"ma\",\"yt\"]',1,'2021-01-12 02:13:16',6),
	(650,4,'id','[\"am\",\"nl\",\"ie\"]',1,'2021-01-12 02:13:16',6),
	(651,6,'wf','[\"sl\",\"cm\",\"mt\"]',1,'2021-01-12 02:13:16',6),
	(652,3,'pa','[\"sv\",\"ve\",\"tv\"]',1,'2021-01-12 02:13:16',6),
	(653,5,'tk','[\"pl\",\"vu\",\"ax\"]',0,'2021-01-12 02:13:16',6),
	(654,3,'tm','[\"tg\",\"bs\",\"sr\"]',1,'2021-01-12 02:13:16',6),
	(655,3,'bl','[\"ph\",\"iq\",\"mu\"]',1,'2021-01-12 02:13:16',6),
	(656,6,'ai','[\"gu\",\"mc\",\"sz\"]',1,'2021-01-12 02:13:16',6),
	(657,6,'mc','[\"tr\",\"ve\",\"af\"]',1,'2021-01-12 02:13:16',6),
	(658,3,'ro','[\"ht\",\"fr\",\"ls\"]',1,'2021-01-12 02:13:16',6),
	(659,2,'be','[\"ec\",\"kw\",\"hn\"]',1,'2021-01-12 02:13:16',6),
	(660,9,'af','[\"eh\",\"pn\",\"ca\"]',0,'2021-01-12 02:13:16',6),
	(661,6,'sh','[\"bz\",\"my\",\"tr\"]',1,'2021-01-12 02:13:16',6),
	(662,7,'bf','[\"gn\",\"sb\",\"gr\"]',0,'2021-01-12 02:13:16',6),
	(663,9,'gm','[\"tz\",\"ht\",\"ug\",\"kz\",\"lk\",\"bb\",\"cd\"]',1,'2021-01-12 02:16:05',6),
	(664,8,'gq','[\"hn\",\"fk\",\"is\"]',1,'2021-01-12 02:16:05',6),
	(665,4,'om','[\"bm\",\"va\",\"se\"]',1,'2021-01-12 02:16:05',6),
	(666,6,'bi','[\"cz\",\"mm\",\"ws\"]',0,'2021-01-12 02:16:05',6),
	(667,2,'kr','[\"se\",\"am\",\"eh\"]',1,'2021-01-12 02:16:05',6),
	(668,7,'gp','[\"bh\",\"sb\",\"ae\"]',0,'2021-01-12 02:16:05',6),
	(669,9,'ir','[\"ph\",\"by\",\"kp\"]',1,'2021-01-12 02:16:05',6),
	(670,2,'ie','[\"jp\",\"mx\",\"al\"]',1,'2021-01-12 02:16:05',6),
	(671,4,'bf','[\"sd\",\"br\",\"ug\"]',0,'2021-01-12 02:16:05',6),
	(672,6,'cg','[\"to\",\"eh\",\"sl\"]',1,'2021-01-12 02:16:56',6),
	(673,3,'bs','[\"hk\",\"gu\",\"is\"]',1,'2021-01-12 02:16:56',6),
	(674,2,'fr','[\"hm\",\"tk\",\"bi\"]',1,'2021-01-12 02:16:56',6),
	(675,7,'tv','[\"mr\",\"kn\",\"sc\"]',0,'2021-01-12 02:16:56',6),
	(676,5,'nu','[\"pg\",\"jp\",\"sb\"]',0,'2021-01-12 02:16:56',6),
	(677,6,'la','[\"bg\",\"ad\",\"mv\"]',1,'2021-01-12 02:16:56',6),
	(678,3,'us','[\"mo\",\"ne\",\"mr\"]',1,'2021-01-12 02:16:56',6),
	(679,5,'bf','[\"me\",\"pe\",\"nl\"]',1,'2021-01-12 02:16:56',6),
	(680,5,'ck','[\"ke\",\"ad\",\"gh\"]',1,'2021-01-12 02:16:56',6),
	(681,4,'gi','[\"bz\",\"vg\",\"sv\"]',1,'2021-01-12 02:16:56',6),
	(682,16,'gu','[\"tm\",\"ag\",\"gp\"]',0,'2021-01-12 02:16:56',6),
	(683,13,'am','[\"je\",\"bn\",\"is\"]',1,'2021-01-12 02:17:57',6),
	(684,2,'ch','[\"va\",\"ug\",\"tg\",\"gg\",\"sn\",\"pl\",\"ky\"]',1,'2021-01-12 02:17:57',6),
	(685,6,'ni','[\"as\",\"br\",\"to\"]',0,'2021-01-12 02:17:57',6),
	(686,8,'fk','[\"zm\",\"mt\",\"cx\",\"ec\",\"gs\",\"mw\",\"lv\"]',1,'2021-01-12 02:18:08',6),
	(687,6,'fm','[\"mm\",\"py\",\"sg\"]',0,'2021-01-12 02:18:08',6),
	(688,14,'gf','[\"mw\",\"gt\",\"np\",\"ag\",\"yt\",\"hm\",\"lt\"]',1,'2021-01-12 02:19:14',6),
	(689,4,'kw','[\"ls\",\"td\",\"au\"]',1,'2021-01-12 02:19:14',6),
	(690,2,'ba','[\"se\",\"cx\",\"ps\"]',1,'2021-01-12 02:19:14',6),
	(691,2,'us','[\"sd\",\"kp\",\"yt\"]',1,'2021-01-12 02:19:14',6),
	(692,2,'fo','[\"cx\",\"bm\",\"pm\"]',1,'2021-01-12 02:19:14',6),
	(693,2,'fi','[\"jp\",\"bt\",\"so\"]',1,'2021-01-12 02:19:14',6),
	(694,6,'af','[\"et\",\"um\",\"ng\"]',1,'2021-01-12 02:19:14',6),
	(695,10,'ph','[\"hu\",\"ee\",\"mc\"]',1,'2021-01-12 02:19:14',6),
	(696,4,'pw','[\"ve\",\"mn\",\"cl\"]',0,'2021-01-12 02:19:14',6),
	(697,3,'qa','[\"th\",\"lb\",\"fj\"]',1,'2021-01-12 02:19:14',6),
	(698,8,'sm','[\"ua\",\"ir\",\"pg\"]',1,'2021-01-12 02:19:14',6),
	(699,4,'kr','[\"jp\",\"ad\",\"cd\"]',1,'2021-01-12 02:19:14',6),
	(700,0,'tg','[\"ae\",\"gp\",\"md\"]',0,'2021-01-12 02:19:14',6),
	(701,6,'bz','[\"mc\",\"ru\",\"in\"]',1,'2021-01-12 02:19:14',6),
	(702,7,'zm','[\"na\",\"bi\",\"ru\"]',0,'2021-01-12 02:19:14',6),
	(703,3,'aq','[\"af\",\"fi\",\"mt\"]',1,'2021-01-12 02:20:01',6),
	(704,5,'bt','[\"dz\",\"tm\",\"sl\"]',1,'2021-01-12 02:20:01',6),
	(705,2,'dk','[\"gn\",\"je\",\"br\"]',1,'2021-01-12 02:20:01',6),
	(706,5,'mq','[\"hm\",\"hu\",\"cu\"]',1,'2021-01-12 02:20:01',6),
	(707,13,'gn','[\"tn\",\"kg\",\"af\"]',1,'2021-01-12 02:20:01',6),
	(708,7,'lr','[\"pa\",\"kh\",\"bo\"]',0,'2021-01-12 02:20:01',6),
	(709,8,'kw','[\"py\",\"vi\",\"pw\"]',1,'2021-01-12 02:20:01',6),
	(710,7,'bh','[\"hk\",\"ch\",\"bo\"]',0,'2021-01-12 02:20:01',6),
	(711,11,'vu','[\"pg\",\"za\",\"ml\"]',0,'2021-01-12 02:20:01',6),
	(712,2,'cg','[\"im\",\"aw\",\"sj\",\"dm\",\"ir\",\"aw\",\"il\"]',1,'2021-01-12 02:25:07',6);

/*!40000 ALTER TABLE `answer` ENABLE KEYS */;
UNLOCK TABLES;


# Dump of table flag
# ------------------------------------------------------------

DROP TABLE IF EXISTS `flag`;

CREATE TABLE `flag` (
  `id` int(11) NOT NULL AUTO_INCREMENT,
  `code` varchar(255) COLLATE utf8mb4_unicode_ci NOT NULL,
  `shows` int(11) NOT NULL,
  `correct_guesses` int(11) NOT NULL,
  PRIMARY KEY (`id`)
) ENGINE=InnoDB DEFAULT CHARSET=utf8mb4 COLLATE=utf8mb4_unicode_ci;

LOCK TABLES `flag` WRITE;
/*!40000 ALTER TABLE `flag` DISABLE KEYS */;

INSERT INTO `flag` (`id`, `code`, `shows`, `correct_guesses`)
VALUES
	(1,'wf',10,1),
	(2,'fo',13,7),
	(3,'au',6,4),
	(4,'tt',12,4),
	(5,'sj',10,6),
	(6,'om',10,5),
	(7,'de',8,4),
	(8,'kh',6,5),
	(9,'nu',15,3),
	(10,'mg',14,5),
	(11,'it',3,2),
	(12,'ge',5,3),
	(13,'be',7,2),
	(14,'pt',11,6),
	(15,'ir',24,14),
	(16,'sb',19,9),
	(17,'aw',9,3),
	(18,'us',13,10),
	(19,'my',10,4),
	(20,'do',9,4),
	(21,'ht',7,1),
	(22,'im',11,7),
	(23,'pl',8,3),
	(24,'gl',13,4),
	(25,'pw',12,5),
	(26,'ml',12,8),
	(27,'bw',7,3),
	(28,'gb',15,10),
	(29,'bs',14,7),
	(30,'mo',12,6),
	(31,'pf',12,5),
	(32,'so',5,4),
	(33,'nz',11,7),
	(34,'ch',14,10),
	(35,'jo',11,7),
	(36,'mc',13,9),
	(37,'ma',8,1),
	(38,'md',16,9),
	(39,'gm',9,7),
	(40,'tf',16,13),
	(41,'fm',10,3),
	(42,'mn',7,3),
	(43,'tc',13,4),
	(44,'cu',13,7),
	(45,'sr',15,6),
	(46,'lr',13,4),
	(47,'ua',14,7),
	(48,'sn',10,7),
	(49,'mu',7,3),
	(50,'tj',9,5),
	(51,'uz',16,9),
	(52,'vg',13,6),
	(53,'gr',8,4),
	(54,'tg',9,2),
	(55,'bf',9,2),
	(56,'aq',17,9),
	(57,'at',9,5),
	(58,'je',8,5),
	(59,'ms',10,5),
	(60,'yt',20,14),
	(61,'zw',6,2),
	(62,'mf',10,2),
	(63,'ls',12,6),
	(64,'jm',13,8),
	(65,'rw',12,4),
	(66,'sk',12,7),
	(67,'um',16,9),
	(68,'se',15,13),
	(69,'gg',8,1),
	(70,'gh',15,10),
	(71,'mr',9,5),
	(72,'mk',11,6),
	(73,'bg',15,11),
	(74,'bm',7,2),
	(75,'ae',8,4),
	(76,'ws',16,7),
	(77,'re',11,5),
	(78,'bz',12,5),
	(79,'pg',12,6),
	(80,'tk',8,2),
	(81,'vc',12,3),
	(82,'lc',7,3),
	(83,'ao',17,8),
	(84,'tv',9,3),
	(85,'ga',11,9),
	(86,'sc',9,3),
	(87,'gn',7,4),
	(88,'mt',9,5),
	(89,'cd',11,8),
	(90,'gf',9,4),
	(91,'es',9,4),
	(92,'kw',14,9),
	(93,'ki',8,8),
	(94,'lu',11,5),
	(95,'fi',8,5),
	(96,'py',6,1),
	(97,'hu',9,3),
	(98,'gy',8,4),
	(99,'sh',7,4),
	(100,'af',5,3),
	(101,'az',14,9),
	(102,'in',6,6),
	(103,'bj',9,2),
	(104,'kp',12,7),
	(105,'km',9,4),
	(106,'ps',11,5),
	(107,'pm',11,4),
	(108,'cz',12,7),
	(109,'bn',10,7),
	(110,'dj',11,2),
	(111,'pn',10,8),
	(112,'hm',5,3),
	(113,'bl',16,12),
	(114,'co',9,6),
	(115,'sy',8,2),
	(116,'mh',16,7),
	(117,'rs',13,11),
	(118,'mp',13,7),
	(119,'sm',11,5),
	(120,'ca',13,9),
	(121,'si',11,7),
	(122,'la',16,11),
	(123,'th',9,2),
	(124,'cg',11,6),
	(125,'pk',6,4),
	(126,'tn',6,3),
	(127,'ai',11,3),
	(128,'sd',14,8),
	(129,'al',9,5),
	(130,'pa',13,6),
	(131,'za',12,8),
	(132,'ru',8,4),
	(133,'no',14,7),
	(134,'jp',8,3),
	(135,'ba',13,6),
	(136,'mx',10,7),
	(137,'vi',12,6),
	(138,'sa',8,5),
	(139,'by',12,7),
	(140,'ci',9,2),
	(141,'mz',8,7),
	(142,'ky',12,6),
	(143,'cr',10,5),
	(144,'mw',10,6),
	(145,'td',9,3),
	(146,'sv',9,6),
	(147,'lk',7,4),
	(148,'br',7,4),
	(149,'gp',10,6),
	(150,'me',12,3),
	(151,'sl',14,6),
	(152,'is',7,2),
	(153,'ne',12,8),
	(154,'nr',9,4),
	(155,'tz',14,8),
	(156,'iq',14,7),
	(157,'nc',12,4),
	(158,'kn',11,5),
	(159,'an',8,0),
	(160,'er',3,2),
	(161,'gi',12,8),
	(162,'bh',16,4),
	(163,'cc',12,5),
	(164,'vn',4,0),
	(165,'bo',9,4),
	(166,'mq',10,4),
	(167,'tm',14,11),
	(168,'bt',8,5),
	(169,'kg',9,7),
	(170,'mv',8,1),
	(171,'cl',7,5),
	(172,'tr',9,7),
	(173,'kz',9,7),
	(174,'kr',11,9),
	(175,'ec',9,6),
	(176,'ye',14,5),
	(177,'gs',5,1),
	(178,'eg',9,6),
	(179,'ie',9,4),
	(180,'bb',16,10),
	(181,'vu',9,5),
	(182,'bd',15,3),
	(183,'ad',5,4),
	(184,'io',13,8),
	(185,'pr',11,5),
	(186,'cx',15,9),
	(187,'dk',8,6),
	(188,'ly',7,3),
	(189,'ug',11,3),
	(190,'sg',13,8),
	(191,'ar',6,4),
	(192,'tl',14,10),
	(193,'mm',10,4),
	(194,'gu',11,5),
	(195,'qa',8,5),
	(196,'gw',12,3),
	(197,'hn',7,2),
	(198,'ke',11,7),
	(199,'fj',12,5),
	(200,'il',12,6),
	(201,'ck',15,7),
	(202,'lv',12,6),
	(203,'id',17,7),
	(204,'na',10,4),
	(205,'fk',6,2),
	(206,'et',16,8),
	(207,'ph',11,8),
	(208,'pe',8,2),
	(209,'tw',13,6),
	(210,'ve',15,8),
	(211,'li',9,4),
	(212,'sz',11,4),
	(213,'hr',13,8),
	(214,'bv',13,6),
	(215,'ag',7,2),
	(216,'st',11,5),
	(217,'dm',14,4),
	(218,'cv',15,4),
	(219,'ax',15,8),
	(220,'gd',8,5),
	(221,'cn',7,5),
	(222,'gq',10,4),
	(223,'lt',12,6),
	(224,'am',11,8),
	(225,'np',8,4),
	(226,'lb',8,4),
	(227,'nl',11,8),
	(228,'ee',14,8),
	(229,'cy',7,3),
	(230,'cf',14,7),
	(231,'cm',8,3),
	(232,'ng',6,4),
	(233,'fr',16,9),
	(234,'ro',8,4),
	(235,'bi',7,4),
	(236,'as',11,6),
	(237,'va',8,4),
	(238,'ni',11,3),
	(239,'uy',12,5),
	(240,'gt',11,3),
	(241,'hk',13,5),
	(242,'dz',11,10),
	(243,'to',8,6),
	(244,'eh',8,0),
	(245,'nf',12,4),
	(246,'zm',10,2);

/*!40000 ALTER TABLE `flag` ENABLE KEYS */;
UNLOCK TABLES;


# Dump of table game
# ------------------------------------------------------------

DROP TABLE IF EXISTS `game`;

CREATE TABLE `game` (
  `id` int(11) NOT NULL AUTO_INCREMENT,
  PRIMARY KEY (`id`)
) ENGINE=InnoDB DEFAULT CHARSET=utf8mb4 COLLATE=utf8mb4_unicode_ci;



# Dump of table migration_versions
# ------------------------------------------------------------

DROP TABLE IF EXISTS `migration_versions`;

CREATE TABLE `migration_versions` (
  `version` varchar(14) COLLATE utf8mb4_unicode_ci NOT NULL,
  `executed_at` datetime NOT NULL COMMENT '(DC2Type:datetime_immutable)',
  PRIMARY KEY (`version`)
) ENGINE=InnoDB DEFAULT CHARSET=utf8mb4 COLLATE=utf8mb4_unicode_ci;

LOCK TABLES `migration_versions` WRITE;
/*!40000 ALTER TABLE `migration_versions` DISABLE KEYS */;

INSERT INTO `migration_versions` (`version`, `executed_at`)
VALUES
	('20200322114725','2021-01-07 00:26:08'),
	('20210103221647','2021-01-07 00:26:08'),
	('20210109193151','2021-01-09 21:06:53'),
	('20210109213855','2021-01-10 00:16:52'),
	('20210109232957','2021-01-10 00:16:52'),
	('20210109233702','2021-01-10 00:16:52'),
	('20210110000325','2021-01-10 00:16:52');

/*!40000 ALTER TABLE `migration_versions` ENABLE KEYS */;
UNLOCK TABLES;


# Dump of table score
# ------------------------------------------------------------

DROP TABLE IF EXISTS `score`;

CREATE TABLE `score` (
  `id` int(11) NOT NULL AUTO_INCREMENT,
  `session_timer` varchar(255) COLLATE utf8mb4_unicode_ci NOT NULL,
  `score` varchar(255) COLLATE utf8mb4_unicode_ci NOT NULL,
  `date` datetime NOT NULL,
  PRIMARY KEY (`id`)
) ENGINE=InnoDB DEFAULT CHARSET=utf8mb4 COLLATE=utf8mb4_unicode_ci;



# Dump of table user
# ------------------------------------------------------------

DROP TABLE IF EXISTS `user`;

CREATE TABLE `user` (
  `id` int(11) NOT NULL AUTO_INCREMENT,
  `telegram_id` varchar(255) COLLATE utf8mb4_unicode_ci NOT NULL,
  `first_name` varchar(255) COLLATE utf8mb4_unicode_ci DEFAULT NULL,
  `last_name` varchar(255) COLLATE utf8mb4_unicode_ci DEFAULT NULL,
  `telegram_username` varchar(255) COLLATE utf8mb4_unicode_ci DEFAULT NULL,
  `telegram_photo_url` varchar(255) COLLATE utf8mb4_unicode_ci DEFAULT NULL,
  `high_score` int(11) NOT NULL,
  `games_total` int(11) NOT NULL,
  `best_time` int(11) NOT NULL,
  `time_total` int(11) NOT NULL,
  PRIMARY KEY (`id`)
) ENGINE=InnoDB DEFAULT CHARSET=utf8mb4 COLLATE=utf8mb4_unicode_ci;

LOCK TABLES `user` WRITE;
/*!40000 ALTER TABLE `user` DISABLE KEYS */;

INSERT INTO `user` (`id`, `telegram_id`, `first_name`, `last_name`, `telegram_username`, `telegram_photo_url`, `high_score`, `games_total`, `best_time`, `time_total`)
VALUES
	(1,'263800667','Artem','D','rteeom','https://t.me/i/userpic/320/WVc6aQwOFOn0fH9auUUqXcTK85FG15gmSleUhCix8CQ.jpg',2,28,91,959),
	(6,'164415115','','C','vlacher','https://t.me/i/userpic/320/3ogDkR3KSOP_sE8fHGxSr1nEriEYXA00R_QfWTESDew.jpg',27,61,72,2738),
	(7,'296568393','Bohdan','L','bodya_la','https://t.me/i/userpic/320/DBFQGPEN32bEbW6EnrL0Y_0xoVlQiG4z5MmmR1FcTpY.jpg',15,0,0,0),
	(8,'140669050','Kostiantyn','L','kostiantyn_levytskyi','https://t.me/i/userpic/320/SBJ0VJVyjBSGxdVnA1ndM1Hb9mxu1FYccG-vtkcQRzw.jpg',5,0,0,0),
	(9,'111209863','Kate','A','alexeyeva','https://t.me/i/userpic/320/IMTaZ8f-0C_wa2ZbBlOf23nFH5bOmUqIzpArioiYzvw.jpg',11,55,29,915),
	(10,'994310081','h4rdc0d3r',NULL,'h4rdc0d3r','https://t.me/i/userpic/320/-s5a901FmjhuEn0qK1yvaDE-I_8Ra_SmLlP6ZcREHRA.jpg',1,0,0,0);

/*!40000 ALTER TABLE `user` ENABLE KEYS */;
UNLOCK TABLES;



/*!40111 SET SQL_NOTES=@OLD_SQL_NOTES */;
/*!40101 SET SQL_MODE=@OLD_SQL_MODE */;
/*!40014 SET FOREIGN_KEY_CHECKS=@OLD_FOREIGN_KEY_CHECKS */;
/*!40101 SET CHARACTER_SET_CLIENT=@OLD_CHARACTER_SET_CLIENT */;
/*!40101 SET CHARACTER_SET_RESULTS=@OLD_CHARACTER_SET_RESULTS */;
/*!40101 SET COLLATION_CONNECTION=@OLD_COLLATION_CONNECTION */;
